WCTIME,CPUTIME,USERTIME,SYSTEMTIME,CPUUSAGE,MAXVM,MAXMM,MAXRSS,TIMEOUT,MEMOUT,EXITSTATUS,smart_functions,benchmark_type,code_version,iteration
0.830846,0.830985,0.743089,0.087896,100.017,67124,55944,55944,false,false,0,association_needed-global_lb-global_ub,E,0.1.1,1
69.7181,69.719,69.0589,0.660155,100.001,1085260,1064416,1064416,false,false,0,association_needed-global_lb-global_ub,E,0.1.1,10
1.23011,1.231,1.15106,0.079936,100.072,82644,71540,71540,false,false,0,association_needed-global_lb-global_ub,E,0.1.1,2
2.65696,2.65766,2.55759,0.100065,100.026,115720,104172,104436,false,false,0,association_needed-global_lb-global_ub,E,0.1.1,3
4.89451,4.89448,4.78241,0.112073,99.9994,165404,151700,151700,false,false,0,association_needed-global_lb-global_ub,E,0.1.1,4
10.087,10.088,9.92399,0.163981,100.01,244800,231008,231008,false,false,0,association_needed-global_lb-global_ub,E,0.1.1,5
15.2557,15.255,15.0069,0.248113,99.9956,339448,324736,324736,false,false,0,association_needed-global_lb-global_ub,E,0.1.1,6
24.2979,24.2981,24.054,0.244088,100.001,455648,441288,441288,false,false,0,association_needed-global_lb-global_ub,E,0.1.1,7
34.6855,34.6853,34.2773,0.40793,99.9994,635896,612484,612484,false,false,0,association_needed-global_lb-global_ub,E,0.1.1,8
54.3639,54.3619,53.7739,0.587943,99.9962,824180,792920,792920,false,false,0,association_needed-global_lb-global_ub,E,0.1.1,9
0.634241,0.635191,0.57127,0.063921,100.15,67116,55768,55768,false,false,0,association_needed-global_lb-global_ub-object_needed,E,0.1.1,1
71.2776,71.2743,70.5183,0.755956,99.9954,1085192,1064228,1064228,false,false,0,association_needed-global_lb-global_ub-object_needed,E,0.1.1,10
1.01725,1.01833,0.946447,0.071882,100.106,82632,70924,71188,false,false,0,association_needed-global_lb-global_ub-object_needed,E,0.1.1,2
2.67598,2.67666,2.58463,0.092029,100.025,115716,104008,104008,false,false,0,association_needed-global_lb-global_ub-object_needed,E,0.1.1,3
4.97684,4.97659,4.85266,0.123926,99.9949,165396,151604,151604,false,false,0,association_needed-global_lb-global_ub-object_needed,E,0.1.1,4
10.0439,10.0444,9.86442,0.180025,100.005,244820,231860,231860,false,false,0,association_needed-global_lb-global_ub-object_needed,E,0.1.1,5
15.5575,15.558,15.3101,0.247887,100.003,339452,324416,324416,false,false,0,association_needed-global_lb-global_ub-object_needed,E,0.1.1,6
25.0678,25.0684,24.7044,0.364043,100.002,455684,441400,441400,false,false,0,association_needed-global_lb-global_ub-object_needed,E,0.1.1,7
35.8873,35.8873,35.4191,0.468214,100,634876,612204,612204,false,false,0,association_needed-global_lb-global_ub-object_needed,E,0.1.1,8
54.436,54.4362,53.8281,0.608067,100,824216,793212,793212,false,false,0,association_needed-global_lb-global_ub-object_needed,E,0.1.1,9
0.779681,0.780772,0.704697,0.076075,100.14,67984,56892,57420,false,false,0,association_needed-global_lb-object_needed,E,0.1.1,1
402.083,402.076,401.448,0.628043,99.9981,877920,853640,853640,true,false,9,association_needed-global_lb-object_needed,E,0.1.1,10
1.09559,1.0963,1.05228,0.044012,100.065,82160,70960,70960,false,false,0,association_needed-global_lb-object_needed,E,0.1.1,2
400.215,400.209,400.117,0.091965,99.9985,115896,103788,104352,true,false,0,association_needed-global_lb-object_needed,E,0.1.1,3
400.339,400.338,400.17,0.167938,99.9998,155616,142804,142804,true,false,0,association_needed-global_lb-object_needed,E,0.1.1,4
400.494,400.5,400.288,0.212065,100.001,216660,203516,203516,true,false,0,association_needed-global_lb-object_needed,E,0.1.1,5
400.665,400.67,400.39,0.280063,100.001,317060,302412,302412,true,false,0,association_needed-global_lb-object_needed,E,0.1.1,6
400.89,400.894,400.618,0.27607,100.001,396488,381196,381196,true,false,0,association_needed-global_lb-object_needed,E,0.1.1,7
401.205,401.196,400.776,0.420058,99.9979,524276,504432,504432,true,false,0,association_needed-global_lb-object_needed,E,0.1.1,8
402.076,402.072,401.584,0.488027,99.999,725424,701468,701468,true,false,9,association_needed-global_lb-object_needed,E,0.1.1,9
0.808205,0.808474,0.744437,0.064037,100.033,68340,57332,57332,false,false,0,association_needed-global_lb-object_needed-global_ub,E,0.1.1,1
73.9704,73.9706,73.1585,0.8121,100,1039724,1016428,1016428,false,false,0,association_needed-global_lb-object_needed-global_ub,E,0.1.1,10
1.01095,1.01171,0.979589,0.032118,100.074,82156,70816,70816,false,false,0,association_needed-global_lb-object_needed-global_ub,E,0.1.1,2
2.47753,2.47821,2.43824,0.039972,100.028,109704,97856,97856,false,false,0,association_needed-global_lb-object_needed-global_ub,E,0.1.1,3
4.74347,4.74361,4.64377,0.099843,100.003,152344,139968,139968,false,false,0,association_needed-global_lb-object_needed-global_ub,E,0.1.1,4
10.3792,10.3799,10.1758,0.2041,100.007,231228,218548,218548,false,false,0,association_needed-global_lb-object_needed-global_ub,E,0.1.1,5
16.1411,16.1382,15.8901,0.248016,99.9817,321736,307100,307100,false,false,0,association_needed-global_lb-object_needed-global_ub,E,0.1.1,6
26.4912,26.4914,26.1793,0.312032,100,438152,423304,423304,false,false,0,association_needed-global_lb-object_needed-global_ub,E,0.1.1,7
36.9456,36.9453,36.5973,0.348006,99.9992,610376,587392,587392,false,false,0,association_needed-global_lb-object_needed-global_ub,E,0.1.1,8
55.9544,55.9539,55.4019,0.551975,99.9991,797248,769588,769588,false,false,0,association_needed-global_lb-object_needed-global_ub,E,0.1.1,9
0.830687,0.831486,0.747537,0.083949,100.096,68980,57708,57708,false,false,0,association_needed-global_ub-global_lb,E,0.1.1,1
100.898,100.898,99.9545,0.943935,100,1290552,1256928,1256928,false,false,0,association_needed-global_ub-global_lb,E,0.1.1,10
1.31033,1.31014,1.22226,0.087885,99.9857,87624,75996,75996,false,false,0,association_needed-global_ub-global_lb,E,0.1.1,2
2.83712,2.83785,2.71377,0.124086,100.026,127688,115684,115684,false,false,0,association_needed-global_ub-global_lb,E,0.1.1,3
5.04166,5.04178,4.90971,0.132067,100.002,167932,154740,154740,false,false,0,association_needed-global_ub-global_lb,E,0.1.1,4
21.3241,21.3244,21.1364,0.18803,100.002,251332,237572,237572,false,false,0,association_needed-global_ub-global_lb,E,0.1.1,5
19.6596,19.6597,19.4518,0.207926,100.001,359372,343396,343396,false,false,0,association_needed-global_ub-global_lb,E,0.1.1,6
24.9649,24.9656,24.6815,0.284052,100.003,475488,459112,459112,false,false,0,association_needed-global_ub-global_lb,E,0.1.1,7
35.3767,35.3775,35.0134,0.364103,100.002,672988,648424,648424,false,false,0,association_needed-global_ub-global_lb,E,0.1.1,8
57.2683,57.2692,56.6772,0.591979,100.001,970400,939828,939828,false,false,0,association_needed-global_ub-global_lb,E,0.1.1,9
0.850894,0.851484,0.795188,0.056296,100.069,68988,57604,57604,false,false,0,association_needed-global_ub-global_lb-object_needed,E,0.1.1,1
104.445,104.444,103.457,0.987867,99.9993,1313492,1279516,1279516,false,false,0,association_needed-global_ub-global_lb-object_needed,E,0.1.1,10
1.24607,1.2469,1.16268,0.084215,100.066,87628,76120,76120,false,false,0,association_needed-global_ub-global_lb-object_needed,E,0.1.1,2
2.72741,2.7273,2.63532,0.091977,99.9958,127696,115604,115604,false,false,0,association_needed-global_ub-global_lb-object_needed,E,0.1.1,3
4.95912,4.95881,4.81083,0.14797,99.9936,167948,154936,154936,false,false,0,association_needed-global_ub-global_lb-object_needed,E,0.1.1,4
21.5896,21.5904,21.4265,0.163982,100.004,251324,238004,238004,false,false,0,association_needed-global_ub-global_lb-object_needed,E,0.1.1,5
19.7863,19.7872,19.5271,0.260084,100.005,356736,340988,340988,false,false,0,association_needed-global_ub-global_lb-object_needed,E,0.1.1,6
25.8763,25.8754,25.5754,0.299956,99.9965,475496,458768,458768,false,false,0,association_needed-global_ub-global_lb-object_needed,E,0.1.1,7
37.0768,37.0743,36.5104,0.563867,99.9931,672984,648584,648584,false,false,0,association_needed-global_ub-global_lb-object_needed,E,0.1.1,8
58.8058,58.8068,58.0066,0.80013,100.002,970408,939856,939856,false,false,0,association_needed-global_ub-global_lb-object_needed,E,0.1.1,9
0.672392,0.673113,0.621026,0.052087,100.107,68788,57656,57656,false,false,0,association_needed-global_ub-object_needed,E,0.1.1,1
58.1441,58.1439,57.5563,0.58763,99.9998,622612,602916,607068,false,false,0,association_needed-global_ub-object_needed,E,0.1.1,10
1.19823,1.19835,1.16239,0.035959,100.01,78908,67952,69516,false,false,0,association_needed-global_ub-object_needed,E,0.1.1,2
2.08758,2.08824,1.99223,0.096011,100.032,102348,90916,93292,false,false,0,association_needed-global_ub-object_needed,E,0.1.1,3
3.50741,3.50757,3.41559,0.091981,100.005,132512,120112,120376,false,false,0,association_needed-global_ub-object_needed,E,0.1.1,4
7.33396,7.33427,7.21435,0.11992,100.004,189656,177248,177248,false,false,0,association_needed-global_ub-object_needed,E,0.1.1,5
10.616,10.6169,10.4409,0.175983,100.008,230940,218064,218064,false,false,0,association_needed-global_ub-object_needed,E,0.1.1,6
19.3881,19.3879,19.1199,0.268035,99.9991,320588,309016,309016,false,false,0,association_needed-global_ub-object_needed,E,0.1.1,7
24.9926,24.9934,24.7013,0.29208,100.003,382944,368980,368980,false,false,0,association_needed-global_ub-object_needed,E,0.1.1,8
42.9704,42.9712,42.5072,0.464018,100.002,528488,516104,516104,false,false,0,association_needed-global_ub-object_needed,E,0.1.1,9
0.562933,0.563817,0.491837,0.07198,100.157,67248,55672,57520,false,false,0,association_needed-global_ub-object_needed-global_lb,E,0.1.1,1
58.9473,58.9471,58.3269,0.620199,99.9998,622608,606320,606848,false,false,0,association_needed-global_ub-object_needed-global_lb,E,0.1.1,10
1.15269,1.15333,1.07724,0.076087,100.056,79572,68284,69604,false,false,0,association_needed-global_ub-object_needed-global_lb,E,0.1.1,2
1.86764,1.86839,1.78037,0.088018,100.04,104480,93072,93336,false,false,0,association_needed-global_ub-object_needed-global_lb,E,0.1.1,3
3.39804,3.39787,3.29394,0.103927,99.9951,132524,120336,120600,false,false,0,association_needed-global_ub-object_needed-global_lb,E,0.1.1,4
7.35569,7.35554,7.17154,0.184005,99.9981,189676,177280,177280,false,false,0,association_needed-global_ub-object_needed-global_lb,E,0.1.1,5
10.7703,10.7698,10.6018,0.167988,99.9952,230936,217956,217956,false,false,0,association_needed-global_ub-object_needed-global_lb,E,0.1.1,6
19.29,19.2901,18.9621,0.327987,100.001,320936,309428,309428,false,false,0,association_needed-global_ub-object_needed-global_lb,E,0.1.1,7
25.6373,25.6374,25.2855,0.35194,100,382964,369072,369072,false,false,0,association_needed-global_ub-object_needed-global_lb,E,0.1.1,8
43.1839,43.1844,42.5363,0.648122,100.001,528528,516264,516264,false,false,0,association_needed-global_ub-object_needed-global_lb,E,0.1.1,9
0.793258,0.794142,0.702363,0.091779,100.111,67788,56528,57848,false,false,0,association_needed-object_needed-global_lb,E,0.1.1,1
401.686,401.678,401.213,0.4641,99.998,610244,590128,590128,true,false,0,association_needed-object_needed-global_lb,E,0.1.1,10
1.09123,1.09157,1.0076,0.083976,100.031,81348,70004,70004,false,false,0,association_needed-object_needed-global_lb,E,0.1.1,2
400.2,400.178,400.07,0.108023,99.9946,106968,94984,95516,true,false,0,association_needed-object_needed-global_lb,E,0.1.1,3
400.257,400.236,400.076,0.160035,99.9947,135548,123332,123332,true,false,0,association_needed-object_needed-global_lb,E,0.1.1,4
400.363,400.36,400.188,0.171998,99.9994,163664,150892,150892,true,false,0,association_needed-object_needed-global_lb,E,0.1.1,5
400.48,400.48,400.259,0.22005,99.9999,207708,196064,196064,true,false,0,association_needed-object_needed-global_lb,E,0.1.1,6
400.599,400.596,400.368,0.227993,99.9992,260448,247752,247752,true,false,0,association_needed-object_needed-global_lb,E,0.1.1,7
400.783,400.78,400.46,0.320011,99.9992,356016,337668,337668,true,false,0,association_needed-object_needed-global_lb,E,0.1.1,8
401.347,401.344,400.968,0.375796,99.999,440172,423404,423404,true,false,0,association_needed-object_needed-global_lb,E,0.1.1,9
0.865193,0.866026,0.714561,0.151465,100.096,68812,57624,57624,false,false,0,association_needed-object_needed-global_lb-global_ub,E,0.1.1,1
41.421,41.4218,40.8378,0.584035,100.002,731212,705392,705392,false,false,0,association_needed-object_needed-global_lb-global_ub,E,0.1.1,10
0.886793,0.887648,0.863512,0.024136,100.096,81392,69896,69896,false,false,0,association_needed-object_needed-global_lb-global_ub,E,0.1.1,2
1.89467,1.89437,1.78222,0.112148,99.9838,103408,91892,91892,false,false,0,association_needed-object_needed-global_lb-global_ub,E,0.1.1,3
3.28045,3.28117,3.13329,0.147879,100.022,137080,125104,125104,false,false,0,association_needed-object_needed-global_lb-global_ub,E,0.1.1,4
6.54153,6.54223,6.35026,0.191975,100.011,195284,183000,183000,false,false,0,association_needed-object_needed-global_lb-global_ub,E,0.1.1,5
11.9977,11.9888,11.7728,0.215988,99.9256,249252,234536,234536,false,false,0,association_needed-object_needed-global_lb-global_ub,E,0.1.1,6
14.5931,14.5939,14.3498,0.244089,100.005,356544,340760,340760,false,false,0,association_needed-object_needed-global_lb-global_ub,E,0.1.1,7
20.368,20.3683,20.0802,0.288098,100.001,428896,413572,413572,false,false,0,association_needed-object_needed-global_lb-global_ub,E,0.1.1,8
38.7689,38.7676,38.2997,0.467916,99.9967,607812,590752,590752,false,false,0,association_needed-object_needed-global_lb-global_ub,E,0.1.1,9
0.810971,0.811175,0.72326,0.087915,100.025,68812,57788,57788,false,false,0,association_needed-object_needed-global_ub,E,0.1.1,1
40.3474,40.3455,39.8896,0.455938,99.9953,731188,705352,705352,false,false,0,association_needed-object_needed-global_ub,E,0.1.1,10
1.10789,1.10855,1.0205,0.088045,100.059,81404,69880,69880,false,false,0,association_needed-object_needed-global_ub,E,0.1.1,2
1.86323,1.86396,1.80799,0.055962,100.039,103420,91880,92144,false,false,0,association_needed-object_needed-global_ub,E,0.1.1,3
3.1454,3.14637,3.02642,0.119941,100.031,137088,124844,125108,false,false,0,association_needed-object_needed-global_ub,E,0.1.1,4
6.50046,6.49988,6.36783,0.132044,99.9911,195304,183104,183104,false,false,0,association_needed-object_needed-global_ub,E,0.1.1,5
11.8789,11.8791,11.7191,0.160024,100.002,249236,234624,234624,false,false,0,association_needed-object_needed-global_ub,E,0.1.1,6
14.4982,14.4984,14.1783,0.32004,100.001,356268,340696,340696,false,false,0,association_needed-object_needed-global_ub,E,0.1.1,7
20.3956,20.3959,20.0638,0.332075,100.001,428880,413692,413692,false,false,0,association_needed-object_needed-global_ub,E,0.1.1,8
37.9877,37.9886,37.6006,0.38805,100.003,607844,591076,591076,false,false,0,association_needed-object_needed-global_ub,E,0.1.1,9
0.770435,0.771028,0.710827,0.060201,100.077,68820,57552,57816,false,false,0,association_needed-object_needed-global_ub-global_lb,E,0.1.1,1
41.5387,41.5397,40.9157,0.624006,100.002,731108,705008,705008,false,false,0,association_needed-object_needed-global_ub-global_lb,E,0.1.1,10
1.10339,1.10351,1.03554,0.067969,100.01,81392,69996,69996,false,false,0,association_needed-object_needed-global_ub-global_lb,E,0.1.1,2
1.978,1.97866,1.89455,0.084115,100.034,103416,92064,92328,false,false,0,association_needed-object_needed-global_ub-global_lb,E,0.1.1,3
3.20505,3.20511,3.10105,0.10406,100.002,137088,124772,124772,false,false,0,association_needed-object_needed-global_ub-global_lb,E,0.1.1,4
6.35296,6.35305,6.24903,0.104027,100.001,195284,182892,182892,false,false,0,association_needed-object_needed-global_ub-global_lb,E,0.1.1,5
11.9573,11.9573,11.7893,0.167964,100,249252,234296,234296,false,false,0,association_needed-object_needed-global_ub-global_lb,E,0.1.1,6
14.3376,14.338,14.122,0.215945,100.002,356256,340704,340704,false,false,0,association_needed-object_needed-global_ub-global_lb,E,0.1.1,7
20.7118,20.71,20.358,0.352035,99.9913,428840,413532,413532,false,false,0,association_needed-object_needed-global_ub-global_lb,E,0.1.1,8
39.2239,39.2239,38.6518,0.572067,99.9999,607828,590596,590596,false,false,0,association_needed-object_needed-global_ub-global_lb,E,0.1.1,9
0.848733,0.849483,0.745281,0.104202,100.088,67520,56316,56580,false,false,0,global_lb-association_needed-global_ub-object_needed,E,0.1.1,1
402.093,402.088,399.04,3.04793,99.9988,1328112,1283916,1284104,true,false,9,global_lb-association_needed-global_ub-object_needed,E,0.1.1,10
1.54437,1.54545,1.44536,0.100097,100.07,87060,75488,75488,false,false,0,global_lb-association_needed-global_ub-object_needed,E,0.1.1,2
4.05766,4.05826,3.89421,0.164057,100.015,126436,114232,114232,false,false,0,global_lb-association_needed-global_ub-object_needed,E,0.1.1,3
9.31608,9.31692,9.11285,0.204068,100.009,185640,172152,172152,false,false,0,global_lb-association_needed-global_ub-object_needed,E,0.1.1,4
19.533,19.5332,19.2772,0.256006,100.001,282392,268268,268268,false,false,0,global_lb-association_needed-global_ub-object_needed,E,0.1.1,5
34.7949,34.7954,34.2833,0.512093,100.001,427276,406912,406912,false,false,0,global_lb-association_needed-global_ub-object_needed,E,0.1.1,6
107.971,107.968,106.956,1.01223,99.997,564712,545216,545216,false,false,0,global_lb-association_needed-global_ub-object_needed,E,0.1.1,7
268.081,268.079,266.214,1.86426,99.9991,798160,771752,771752,false,false,0,global_lb-association_needed-global_ub-object_needed,E,0.1.1,8
402.078,402.071,399.591,2.48004,99.9983,1026168,994948,995056,true,false,9,global_lb-association_needed-global_ub-object_needed,E,0.1.1,9
0.866667,0.867289,0.763368,0.103921,100.072,68412,56960,57224,false,false,0,global_lb-association_needed-object_needed-global_ub,E,0.1.1,1
400.096,400.085,397.846,2.23934,99.9973,1328056,1283840,1283984,true,false,256,global_lb-association_needed-object_needed-global_ub,E,0.1.1,10
1.44528,1.44552,1.36543,0.080087,100.017,87132,75732,75732,false,false,0,global_lb-association_needed-object_needed-global_ub,E,0.1.1,2
3.66233,3.66317,3.55919,0.103987,100.023,126340,114292,114292,false,false,0,global_lb-association_needed-object_needed-global_ub,E,0.1.1,3
8.70733,8.70612,8.52212,0.183998,99.9861,187476,173256,173256,false,false,0,global_lb-association_needed-object_needed-global_ub,E,0.1.1,4
19.4606,19.4613,19.1653,0.296045,100.003,282900,267920,267920,false,false,0,global_lb-association_needed-object_needed-global_ub,E,0.1.1,5
33.9741,33.9747,33.5185,0.45622,100.002,427316,407368,407368,false,false,0,global_lb-association_needed-object_needed-global_ub,E,0.1.1,6
116.104,116.103,115.315,0.788148,99.9995,564856,544504,544504,false,false,0,global_lb-association_needed-object_needed-global_ub,E,0.1.1,7
262.002,261.996,260.511,1.4844,99.9974,802184,772736,772736,false,false,0,global_lb-association_needed-object_needed-global_ub,E,0.1.1,8
402.089,402.082,399.698,2.38425,99.9982,1026184,994384,994556,true,false,9,global_lb-association_needed-object_needed-global_ub,E,0.1.1,9
0.859553,0.860364,0.752316,0.108048,100.094,67524,56388,56652,false,false,0,global_lb-global_ub-association_needed-object_needed,E,0.1.1,1
402.091,402.084,400.016,2.0682,99.9985,1445328,1406452,1406452,true,false,9,global_lb-global_ub-association_needed-object_needed,E,0.1.1,10
1.48046,1.48122,1.40115,0.080074,100.051,86824,75144,75144,false,false,0,global_lb-global_ub-association_needed-object_needed,E,0.1.1,2
5.98507,5.98553,5.76159,0.223945,100.008,125700,113620,113620,false,false,0,global_lb-global_ub-association_needed-object_needed,E,0.1.1,3
18.4259,18.4267,18.1786,0.248104,100.004,186172,172304,172304,false,false,0,global_lb-global_ub-association_needed-object_needed,E,0.1.1,4
54.3846,54.3803,53.7922,0.588073,99.9921,282660,268620,268620,false,false,0,global_lb-global_ub-association_needed-object_needed,E,0.1.1,5
103.454,103.454,102.046,1.40798,99.9993,414908,396684,396684,false,false,0,global_lb-global_ub-association_needed-object_needed,E,0.1.1,6
236.498,236.495,233.998,2.49614,99.9987,564128,545128,545128,false,false,0,global_lb-global_ub-association_needed-object_needed,E,0.1.1,7
402.076,402.068,399.347,2.72024,99.9979,802664,775544,775576,true,false,9,global_lb-global_ub-association_needed-object_needed,E,0.1.1,8
402.086,402.079,399.78,2.29988,99.9983,1049128,1012400,1012424,true,false,9,global_lb-global_ub-association_needed-object_needed,E,0.1.1,9
0.899874,0.900024,0.752008,0.148016,100.017,67516,56188,56452,false,false,0,global_lb-global_ub-object_needed-association_needed,E,0.1.1,1
402.107,402.099,399.554,2.54419,99.9979,1445288,1406444,1406444,true,false,9,global_lb-global_ub-object_needed-association_needed,E,0.1.1,10
1.6622,1.66261,1.53871,0.1239,100.025,86836,75360,75360,false,false,0,global_lb-global_ub-object_needed-association_needed,E,0.1.1,2
5.70794,5.7082,5.53206,0.17614,100.005,125700,113404,113404,false,false,0,global_lb-global_ub-object_needed-association_needed,E,0.1.1,3
18.2827,18.2829,18.0226,0.260338,100.001,186172,172420,172420,false,false,0,global_lb-global_ub-object_needed-association_needed,E,0.1.1,4
52.852,52.8499,52.3698,0.480075,99.996,282632,268580,268580,false,false,0,global_lb-global_ub-object_needed-association_needed,E,0.1.1,5
101.117,101.117,99.7367,1.37981,99.9997,423532,404388,404388,false,false,0,global_lb-global_ub-object_needed-association_needed,E,0.1.1,6
231.695,231.693,229.785,1.90824,99.9994,564112,545256,545256,false,false,0,global_lb-global_ub-object_needed-association_needed,E,0.1.1,7
402.075,402.077,399.112,2.96431,100,802676,775660,775844,true,false,9,global_lb-global_ub-object_needed-association_needed,E,0.1.1,8
402.084,402.072,399.235,2.83634,99.9969,1049148,1011196,1011380,true,false,9,global_lb-global_ub-object_needed-association_needed,E,0.1.1,9
0.837622,0.838399,0.734101,0.104298,100.093,69184,58000,58000,false,false,0,global_lb-object_needed-association_needed,E,0.1.1,1
1.60975,1.61077,1.51082,0.09995,100.063,87176,75520,75784,false,false,0,global_lb-object_needed-association_needed,E,0.1.1,2
400.241,400.242,400.094,0.148039,100,126688,114588,115176,true,false,0,global_lb-object_needed-association_needed,E,0.1.1,3
400.383,400.366,400.054,0.31202,99.9959,186672,173168,173168,true,false,0,global_lb-object_needed-association_needed,E,0.1.1,4
400.457,400.453,399.941,0.51202,99.9989,281032,266156,266156,true,false,0,global_lb-object_needed-association_needed,E,0.1.1,5
400.632,400.63,399.95,0.680077,99.9996,423560,404140,404140,true,false,0,global_lb-object_needed-association_needed,E,0.1.1,6
401.16,401.157,400.025,1.13202,99.9993,567308,545340,545340,true,false,0,global_lb-object_needed-association_needed,E,0.1.1,7
0.831385,0.832033,0.756027,0.076006,100.078,69196,58196,58196,false,false,0,global_lb-object_needed-association_needed-global_ub,E,0.1.1,1
402.087,402.08,399.748,2.33172,99.9983,1327964,1286428,1286656,true,false,9,global_lb-object_needed-association_needed-global_ub,E,0.1.1,10
1.61288,1.6136,1.51773,0.095866,100.045,87188,75588,75852,false,false,0,global_lb-object_needed-association_needed-global_ub,E,0.1.1,2
4.9469,4.94724,4.80324,0.143999,100.007,126968,114836,114836,false,false,0,global_lb-object_needed-association_needed-global_ub,E,0.1.1,3
12.8655,12.8649,12.6449,0.220059,99.9959,188540,174580,174580,false,false,0,global_lb-object_needed-association_needed-global_ub,E,0.1.1,4
32.2746,32.2745,31.8065,0.467997,99.9995,284760,269864,269864,false,false,0,global_lb-object_needed-association_needed-global_ub,E,0.1.1,5
67.8424,67.8388,67.0028,0.836063,99.9948,427664,407328,407328,false,false,0,global_lb-object_needed-association_needed-global_ub,E,0.1.1,6
159.875,159.873,158.241,1.63248,99.9993,564844,545172,545172,false,false,0,global_lb-object_needed-association_needed-global_ub,E,0.1.1,7
326.461,326.457,324.213,2.24425,99.9988,798068,772316,772316,false,false,0,global_lb-object_needed-association_needed-global_ub,E,0.1.1,8
402.077,402.074,399.761,2.31218,99.9991,1035300,997464,1014932,true,false,9,global_lb-object_needed-association_needed-global_ub,E,0.1.1,9
0.863943,0.864759,0.752661,0.112098,100.094,69184,57672,57936,false,false,0,global_lb-object_needed-global_ub-association_needed,E,0.1.1,1
402.092,402.09,400.158,1.93228,99.9995,1459056,1419284,1419284,true,false,9,global_lb-object_needed-global_ub-association_needed,E,0.1.1,10
1.57893,1.57895,1.479,0.099947,100.002,87184,75892,75892,false,false,0,global_lb-object_needed-global_ub-association_needed,E,0.1.1,2
5.7565,5.75211,5.61616,0.13595,99.9238,125632,113376,113376,false,false,0,global_lb-object_needed-global_ub-association_needed,E,0.1.1,3
16.285,16.2859,15.9899,0.29602,100.005,188576,174272,174272,false,false,0,global_lb-object_needed-global_ub-association_needed,E,0.1.1,4
48.1407,48.141,47.5649,0.576095,100.001,284696,270184,270184,false,false,0,global_lb-object_needed-global_ub-association_needed,E,0.1.1,5
120.534,120.532,119.284,1.24831,99.9987,427640,407476,407476,false,false,0,global_lb-object_needed-global_ub-association_needed,E,0.1.1,6
240.625,240.621,238.593,2.02816,99.9984,571884,551672,551672,false,false,0,global_lb-object_needed-global_ub-association_needed,E,0.1.1,7
402.067,402.065,399.873,2.19239,99.9996,798076,771216,771400,true,false,9,global_lb-object_needed-global_ub-association_needed,E,0.1.1,8
402.082,402.08,399.988,2.09223,99.9995,1049096,1009300,1013312,true,false,9,global_lb-object_needed-global_ub-association_needed,E,0.1.1,9
0.741457,0.7423,0.654042,0.088258,100.114,68612,57536,57536,false,false,0,global_ub-association_needed-global_lb-object_needed,E,0.1.1,1
225.289,225.271,223.239,2.03173,99.992,1298700,1265116,1265116,false,false,0,global_ub-association_needed-global_lb-object_needed,E,0.1.1,10
1.45832,1.45894,1.379,0.079945,100.043,84236,73056,73056,false,false,0,global_ub-association_needed-global_lb-object_needed,E,0.1.1,2
3.38517,3.38496,3.27711,0.107852,99.9938,123256,110956,111220,false,false,0,global_ub-association_needed-global_lb-object_needed,E,0.1.1,3
7.01685,7.01731,6.85729,0.160019,100.007,180732,167328,167328,false,false,0,global_ub-association_needed-global_lb-object_needed,E,0.1.1,4
26.2967,26.2975,26.0054,0.292084,100.003,251960,238516,238516,false,false,0,global_ub-association_needed-global_lb-object_needed,E,0.1.1,5
40.2661,40.2664,39.6984,0.568035,100.001,357240,340632,340632,false,false,0,global_ub-association_needed-global_lb-object_needed,E,0.1.1,6
67.5489,67.5488,66.7568,0.792045,99.9998,549520,531260,531260,false,false,0,global_ub-association_needed-global_lb-object_needed,E,0.1.1,7
88.5534,88.5493,87.4934,1.0559,99.9954,681372,657020,657020,false,false,0,global_ub-association_needed-global_lb-object_needed,E,0.1.1,8
156.144,156.137,154.793,1.34416,99.9958,1003348,967844,967844,false,false,0,global_ub-association_needed-global_lb-object_needed,E,0.1.1,9
0.817443,0.817556,0.777478,0.040078,100.014,70488,59304,59304,false,false,0,global_ub-association_needed-object_needed-global_lb,E,0.1.1,1
402.069,402.066,401.146,0.919933,99.9995,645752,612736,633056,true,false,9,global_ub-association_needed-object_needed-global_lb,E,0.1.1,10
1.21757,1.21854,1.15462,0.063924,100.08,84212,72356,73020,false,false,0,global_ub-association_needed-object_needed-global_lb,E,0.1.1,2
2.69511,2.69516,2.56717,0.127989,100.002,107488,95296,97236,false,false,0,global_ub-association_needed-object_needed-global_lb,E,0.1.1,3
4.34766,4.34783,4.18381,0.164023,100.004,139328,126792,131676,false,false,0,global_ub-association_needed-object_needed-global_lb,E,0.1.1,4
14.3262,14.326,14.042,0.283984,99.9989,208692,194932,205268,false,false,0,global_ub-association_needed-object_needed-global_lb,E,0.1.1,5
22.3223,22.3231,22.035,0.2881,100.004,261740,247144,256464,false,false,0,global_ub-association_needed-object_needed-global_lb,E,0.1.1,6
101.701,101.701,101.169,0.531994,100,406404,392404,392404,false,false,0,global_ub-association_needed-object_needed-global_lb,E,0.1.1,7
153.278,153.276,152.656,0.620127,99.9984,476868,459516,476396,false,false,0,global_ub-association_needed-object_needed-global_lb,E,0.1.1,8
402.061,402.055,401.051,1.00386,99.9986,615508,598892,619084,true,false,9,global_ub-association_needed-object_needed-global_lb,E,0.1.1,9
0.931077,0.931826,0.859834,0.071992,100.08,70220,59112,59112,false,false,0,global_ub-global_lb-association_needed-object_needed,E,0.1.1,1
402.118,402.112,400.312,1.79976,99.9984,1555952,1520896,1521144,true,false,9,global_ub-global_lb-association_needed-object_needed,E,0.1.1,10
1.57932,1.58006,1.488,0.092059,100.047,93908,82336,82336,false,false,0,global_ub-global_lb-association_needed-object_needed,E,0.1.1,2
6.45517,6.45587,6.25586,0.200015,100.011,136024,123912,123912,false,false,0,global_ub-global_lb-association_needed-object_needed,E,0.1.1,3
19.8715,19.8708,19.5589,0.311948,99.9969,203956,189820,189820,false,false,0,global_ub-global_lb-association_needed-object_needed,E,0.1.1,4
49.9143,49.9138,49.3818,0.532003,99.9991,308236,293164,293164,false,false,0,global_ub-global_lb-association_needed-object_needed,E,0.1.1,5
120.087,120.082,119.338,0.744003,99.9964,451696,431224,431224,false,false,0,global_ub-global_lb-association_needed-object_needed,E,0.1.1,6
272.536,272.526,270.586,1.94002,99.9966,636700,615324,615324,false,false,0,global_ub-global_lb-association_needed-object_needed,E,0.1.1,7
402.084,402.076,400.08,1.99597,99.9979,895960,859720,859884,true,false,9,global_ub-global_lb-association_needed-object_needed,E,0.1.1,8
402.095,402.087,400.347,1.73983,99.998,1181844,1139104,1139140,true,false,9,global_ub-global_lb-association_needed-object_needed,E,0.1.1,9
0.981265,0.981958,0.849689,0.132269,100.071,70236,59124,59124,false,false,0,global_ub-global_lb-object_needed-association_needed,E,0.1.1,1
402.093,402.086,400.237,1.84807,99.9981,1565196,1527676,1527872,true,false,9,global_ub-global_lb-object_needed-association_needed,E,0.1.1,10
1.91633,1.917,1.85697,0.060033,100.035,93908,82228,82228,false,false,0,global_ub-global_lb-object_needed-association_needed,E,0.1.1,2
5.99372,5.99386,5.84589,0.147968,100.002,136040,123540,123804,false,false,0,global_ub-global_lb-object_needed-association_needed,E,0.1.1,3
18.9891,18.9887,18.7607,0.227965,99.9978,204208,190016,190016,false,false,0,global_ub-global_lb-object_needed-association_needed,E,0.1.1,4
50.7464,50.741,50.3209,0.420073,99.9893,308236,293552,293552,false,false,0,global_ub-global_lb-object_needed-association_needed,E,0.1.1,5
118.568,118.569,117.924,0.644068,100.001,451724,431264,431264,false,false,0,global_ub-global_lb-object_needed-association_needed,E,0.1.1,6
278.297,278.294,276.93,1.36416,99.9989,636720,615468,615468,false,false,0,global_ub-global_lb-object_needed-association_needed,E,0.1.1,7
402.07,402.041,400.321,1.7201,99.9927,895936,859644,859852,true,false,9,global_ub-global_lb-object_needed-association_needed,E,0.1.1,8
402.095,402.087,400.195,1.89203,99.9981,1181804,1139052,1139256,true,false,9,global_ub-global_lb-object_needed-association_needed,E,0.1.1,9
0.815614,0.816412,0.732367,0.084045,100.098,70944,59688,59688,false,false,0,global_ub-object_needed-association_needed-global_lb,E,0.1.1,1
136.125,136.119,135.531,0.588039,99.9956,647116,633676,633676,false,false,0,global_ub-object_needed-association_needed-global_lb,E,0.1.1,10
0.909244,0.909838,0.853956,0.055882,100.065,82388,70864,70864,false,false,0,global_ub-object_needed-association_needed-global_lb,E,0.1.1,2
2.17091,2.17173,2.09559,0.076137,100.038,106956,95432,95696,false,false,0,global_ub-object_needed-association_needed-global_lb,E,0.1.1,3
3.23332,3.23402,3.13007,0.10395,100.022,135916,123352,123616,false,false,0,global_ub-object_needed-association_needed-global_lb,E,0.1.1,4
8.33175,8.33226,8.13625,0.19601,100.006,194504,182068,182068,false,false,0,global_ub-object_needed-association_needed-global_lb,E,0.1.1,5
13.0349,13.0346,12.8346,0.200007,99.9972,232256,219004,219004,false,false,0,global_ub-object_needed-association_needed-global_lb,E,0.1.1,6
43.302,43.3016,43.0256,0.276045,99.9993,335696,321232,321232,false,false,0,global_ub-object_needed-association_needed-global_lb,E,0.1.1,7
38.6953,38.6938,38.3818,0.31196,99.996,386724,373380,373380,false,false,0,global_ub-object_needed-association_needed-global_lb,E,0.1.1,8
95.6962,95.6927,95.2049,0.487815,99.9964,560712,548060,548060,false,false,0,global_ub-object_needed-association_needed-global_lb,E,0.1.1,9
0.823843,0.823511,0.739561,0.08395,99.9597,70952,59904,59904,false,false,0,global_ub-object_needed-global_lb-association_needed,E,0.1.1,1
135.644,135.635,135.035,0.599777,99.9931,631624,618256,618256,false,false,0,global_ub-object_needed-global_lb-association_needed,E,0.1.1,10
0.88417,0.884943,0.841092,0.043851,100.087,82380,70784,70784,false,false,0,global_ub-object_needed-global_lb-association_needed,E,0.1.1,2
2.0841,2.0848,1.94875,0.136054,100.034,106952,95488,95488,false,false,0,global_ub-object_needed-global_lb-association_needed,E,0.1.1,3
3.47135,3.47198,3.364,0.107984,100.018,135932,123832,123832,false,false,0,global_ub-object_needed-global_lb-association_needed,E,0.1.1,4
8.12187,8.12256,8.00651,0.116055,100.009,194500,182252,182252,false,false,0,global_ub-object_needed-global_lb-association_needed,E,0.1.1,5
12.5662,12.5669,12.3708,0.196104,100.005,232264,219344,219344,false,false,0,global_ub-object_needed-global_lb-association_needed,E,0.1.1,6
43.8922,43.8899,43.5818,0.308088,99.9948,335716,321368,321368,false,false,0,global_ub-object_needed-global_lb-association_needed,E,0.1.1,7
39.1107,39.1073,38.7392,0.368071,99.9912,386724,373376,373376,false,false,0,global_ub-object_needed-global_lb-association_needed,E,0.1.1,8
95.7299,95.7295,95.1455,0.584055,99.9996,557148,544652,544652,false,false,0,global_ub-object_needed-global_lb-association_needed,E,0.1.1,9
0.948539,0.949337,0.837178,0.112159,100.084,75264,63964,66140,false,false,0,object_needed-association_needed-global_lb,E,0.1.1,1
402.076,402.054,400.926,1.12743,99.9945,864940,842040,879424,true,false,9,object_needed-association_needed-global_lb,E,0.1.1,10
1.62095,1.62175,1.49393,0.127822,100.049,99896,88068,91040,false,false,0,object_needed-association_needed-global_lb,E,0.1.1,2
400.275,400.275,400.051,0.223966,100,143844,130360,130852,true,false,0,object_needed-association_needed-global_lb,E,0.1.1,3
400.383,400.377,400.096,0.280047,99.9983,187412,174424,178480,true,false,0,object_needed-association_needed-global_lb,E,0.1.1,4
400.514,400.513,400.129,0.383907,99.9998,260872,244452,252488,true,false,0,object_needed-association_needed-global_lb,E,0.1.1,5
400.75,400.747,400.355,0.391952,99.9993,346748,324968,339000,true,false,0,object_needed-association_needed-global_lb,E,0.1.1,6
400.981,400.963,400.323,0.639988,99.9955,421180,406128,426308,true,false,0,object_needed-association_needed-global_lb,E,0.1.1,7
401.215,401.199,400.359,0.839868,99.9959,608328,592592,592592,true,false,0,object_needed-association_needed-global_lb,E,0.1.1,8
402.059,402.06,401.02,1.04005,100,736500,708172,726536,true,false,9,object_needed-association_needed-global_lb,E,0.1.1,9
0.931272,0.931954,0.843959,0.087995,100.073,75268,63976,66164,false,false,0,object_needed-association_needed-global_lb-global_ub,E,0.1.1,1
402.079,402.067,400.258,1.80843,99.9969,1226460,1193248,1193248,true,false,9,object_needed-association_needed-global_lb-global_ub,E,0.1.1,10
1.56305,1.5637,1.45972,0.103981,100.042,99888,88088,91104,false,false,0,object_needed-association_needed-global_lb-global_ub,E,0.1.1,2
3.43425,3.43433,3.2424,0.191925,100.002,139828,127588,133908,false,false,0,object_needed-association_needed-global_lb-global_ub,E,0.1.1,3
5.82331,5.82403,5.57997,0.244057,100.012,207788,187208,194336,false,false,0,object_needed-association_needed-global_lb-global_ub,E,0.1.1,4
18.0827,18.0828,17.7068,0.375965,100,280020,264944,279960,false,false,0,object_needed-association_needed-global_lb-global_ub,E,0.1.1,5
29.2035,29.204,28.7918,0.412204,100.002,402604,383740,388108,false,false,0,object_needed-association_needed-global_lb-global_ub,E,0.1.1,6
57.7939,57.79,57.0019,0.788148,99.9934,531588,506216,511448,false,false,0,object_needed-association_needed-global_lb-global_ub,E,0.1.1,7
149.488,149.486,148.454,1.03225,99.9984,763296,700720,733284,false,false,0,object_needed-association_needed-global_lb-global_ub,E,0.1.1,8
284.446,284.439,282.943,1.49628,99.9976,936532,910852,915460,false,false,0,object_needed-association_needed-global_lb-global_ub,E,0.1.1,9
0.941127,0.942346,0.830533,0.111813,100.13,75272,63856,65792,false,false,0,object_needed-association_needed-global_ub,E,0.1.1,1
402.098,402.092,400.584,1.50822,99.9986,1220792,1178352,1193288,true,false,9,object_needed-association_needed-global_ub,E,0.1.1,10
1.29457,1.29502,1.23506,0.059961,100.035,99900,88264,91188,false,false,0,object_needed-association_needed-global_ub,E,0.1.1,2
3.92,3.92064,3.74865,0.171985,100.016,139832,127280,133864,false,false,0,object_needed-association_needed-global_ub,E,0.1.1,3
6.22706,6.22827,6.04828,0.179991,100.02,199192,186008,194340,false,false,0,object_needed-association_needed-global_ub,E,0.1.1,4
18.8049,18.8051,18.4812,0.323971,100.001,294776,279012,280212,false,false,0,object_needed-association_needed-global_ub,E,0.1.1,5
29.1802,29.1789,28.675,0.503915,99.9956,394428,375960,388000,false,false,0,object_needed-association_needed-global_ub,E,0.1.1,6
58.0892,58.0896,57.4414,0.648123,100.001,532648,508932,511656,false,false,0,object_needed-association_needed-global_ub,E,0.1.1,7
143.971,143.967,143.123,0.844112,99.9971,739896,705856,733236,false,false,0,object_needed-association_needed-global_ub,E,0.1.1,8
282.459,282.453,281.258,1.19587,99.9978,933680,873648,915732,false,false,0,object_needed-association_needed-global_ub,E,0.1.1,9
0.928981,0.929701,0.785452,0.144249,100.078,75264,63712,65896,false,false,0,object_needed-association_needed-global_ub-global_lb,E,0.1.1,1
402.081,402.072,400.363,1.70847,99.9977,1226452,1154744,1193088,true,false,9,object_needed-association_needed-global_ub-global_lb,E,0.1.1,10
1.26292,1.26366,1.20768,0.055986,100.059,99904,87944,90920,false,false,0,object_needed-association_needed-global_ub-global_lb,E,0.1.1,2
3.67092,3.67163,3.54364,0.127997,100.019,139832,127500,133784,false,false,0,object_needed-association_needed-global_ub-global_lb,E,0.1.1,3
6.1873,6.18763,5.95956,0.228071,100.005,199188,185844,194344,false,false,0,object_needed-association_needed-global_ub-global_lb,E,0.1.1,4
17.8744,17.875,17.595,0.280029,100.004,280020,265404,280432,false,false,0,object_needed-association_needed-global_ub-global_lb,E,0.1.1,5
29.5375,29.5383,29.1023,0.435982,100.003,403824,388184,388184,false,false,0,object_needed-association_needed-global_ub-global_lb,E,0.1.1,6
58.7577,58.7563,58.0479,0.708431,99.9978,532648,510300,511620,false,false,0,object_needed-association_needed-global_ub-global_lb,E,0.1.1,7
149.678,149.675,148.715,0.96025,99.9979,763220,720384,733320,false,false,0,object_needed-association_needed-global_ub-global_lb,E,0.1.1,8
279.966,279.957,278.581,1.37629,99.9968,939836,915872,915872,false,false,0,object_needed-association_needed-global_ub-global_lb,E,0.1.1,9
0.703622,0.704451,0.636408,0.068043,100.118,76800,65336,65848,false,false,0,object_needed-global_lb-association_needed,E,0.1.1,1
402.083,402.083,400.931,1.15207,100,897028,879556,879556,true,false,9,object_needed-global_lb-association_needed,E,0.1.1,10
1.54017,1.54113,1.45706,0.084067,100.062,99896,88076,91092,false,false,0,object_needed-global_lb-association_needed,E,0.1.1,2
400.283,400.282,400.138,0.144022,99.9997,143852,130372,130956,true,false,0,object_needed-global_lb-association_needed,E,0.1.1,3
400.389,400.387,400.107,0.280042,99.9995,192424,173816,178452,true,false,0,object_needed-global_lb-association_needed,E,0.1.1,4
400.527,400.525,400.169,0.355959,99.9995,261140,244828,252544,true,false,0,object_needed-global_lb-association_needed,E,0.1.1,5
400.755,400.756,400.284,0.471966,100,340396,325096,338740,true,false,0,object_needed-global_lb-association_needed,E,0.1.1,6
400.924,400.925,400.317,0.607983,100,430472,411116,425996,true,false,0,object_needed-global_lb-association_needed,E,0.1.1,7
401.249,401.237,400.481,0.75599,99.9971,608336,577296,592260,true,false,0,object_needed-global_lb-association_needed,E,0.1.1,8
402.072,402.068,401.108,0.959989,99.999,713044,688828,726580,true,false,9,object_needed-global_lb-association_needed,E,0.1.1,9
0.950739,0.951615,0.795723,0.155892,100.092,75272,64004,66192,false,false,0,object_needed-global_lb-association_needed-global_ub,E,0.1.1,1
402.085,402.076,400.203,1.87245,99.9976,1186044,1156540,1193200,true,false,9,object_needed-global_lb-association_needed-global_ub,E,0.1.1,10
1.57249,1.5731,1.45301,0.120089,100.039,103012,91044,91044,false,false,0,object_needed-global_lb-association_needed-global_ub,E,0.1.1,2
3.68921,3.69002,3.55394,0.136082,100.022,139824,127244,133832,false,false,0,object_needed-global_lb-association_needed-global_ub,E,0.1.1,3
5.86637,5.86708,5.67113,0.195951,100.012,199192,185836,194320,false,false,0,object_needed-global_lb-association_needed-global_ub,E,0.1.1,4
18.0175,18.0183,17.6782,0.340081,100.004,292356,266476,280176,false,false,0,object_needed-global_lb-association_needed-global_ub,E,0.1.1,5
29.3953,29.3958,28.9678,0.428009,100.002,394460,375704,387920,false,false,0,object_needed-global_lb-association_needed-global_ub,E,0.1.1,6
57.9157,57.9135,57.1777,0.735849,99.9962,528680,503704,512924,false,false,0,object_needed-global_lb-association_needed-global_ub,E,0.1.1,7
146.297,146.293,145.365,0.927817,99.9972,739864,715908,732964,false,false,0,object_needed-global_lb-association_needed-global_ub,E,0.1.1,8
286.801,286.795,285.415,1.37999,99.9978,939776,884016,915292,false,false,0,object_needed-global_lb-association_needed-global_ub,E,0.1.1,9
0.88994,0.891059,0.795159,0.0959,100.126,75208,64080,65928,false,false,0,object_needed-global_lb-global_ub,E,0.1.1,1
82.0007,81.9984,80.6747,1.32375,99.9972,1228488,1195088,1195088,false,false,0,object_needed-global_lb-global_ub,E,0.1.1,10
1.56319,1.56392,1.42792,0.135997,100.047,98748,86696,90920,false,false,0,object_needed-global_lb-global_ub,E,0.1.1,2
3.4405,3.44033,3.2643,0.176035,99.995,141224,129100,135568,false,false,0,object_needed-global_lb-global_ub,E,0.1.1,3
5.59866,5.59837,5.39037,0.208,99.9948,203152,189796,197908,false,false,0,object_needed-global_lb-global_ub,E,0.1.1,4
11.599,11.5984,11.2663,0.332085,99.9951,301352,285152,286428,false,false,0,object_needed-global_lb-global_ub,E,0.1.1,5
16.5581,16.5602,16.0842,0.475987,100.012,402996,384628,395908,false,false,0,object_needed-global_lb-global_ub,E,0.1.1,6
32.284,32.2811,31.6611,0.620001,99.9911,517760,497488,522080,false,false,0,object_needed-global_lb-global_ub,E,0.1.1,7
42.4529,42.4515,41.7114,0.740125,99.9968,780364,749404,749404,false,false,0,object_needed-global_lb-global_ub,E,0.1.1,8
402.094,402.095,401.151,0.944012,100,952396,926244,926244,true,false,9,object_needed-global_lb-global_ub,E,0.1.1,9
0.976367,0.977169,0.83699,0.140179,100.082,76788,65408,65920,false,false,0,object_needed-global_lb-global_ub-association_needed,E,0.1.1,1
402.08,402.047,400.112,1.93572,99.992,1228500,1155436,1194548,true,false,9,object_needed-global_lb-global_ub-association_needed,E,0.1.1,10
1.27407,1.2747,1.18249,0.0922,100.049,99912,87968,90928,false,false,0,object_needed-global_lb-global_ub-association_needed,E,0.1.1,2
3.64671,3.64653,3.49041,0.156118,99.9952,140552,128328,134640,false,false,0,object_needed-global_lb-global_ub-association_needed,E,0.1.1,3
5.8218,5.82219,5.59011,0.232077,100.007,203148,189892,198004,false,false,0,object_needed-global_lb-global_ub-association_needed,E,0.1.1,4
29.537,29.5378,29.1697,0.368082,100.003,302492,278900,286820,false,false,0,object_needed-global_lb-global_ub-association_needed,E,0.1.1,5
27.3808,27.3807,26.9008,0.479944,99.9998,403008,384616,395900,false,false,0,object_needed-global_lb-global_ub-association_needed,E,0.1.1,6
92.845,92.835,92.171,0.663954,99.9892,517648,496864,521580,false,false,0,object_needed-global_lb-global_ub-association_needed,E,0.1.1,7
209.877,209.873,208.753,1.11994,99.9984,780404,732544,749440,false,false,0,object_needed-global_lb-global_ub-association_needed,E,0.1.1,8
402.071,402.049,400.785,1.26405,99.9945,950396,897964,922780,true,false,9,object_needed-global_lb-global_ub-association_needed,E,0.1.1,9
0.917278,0.917311,0.833137,0.084174,100.004,75280,63844,65784,false,false,0,object_needed-global_ub-association_needed,E,0.1.1,1
402.104,402.097,400.533,1.56395,99.998,1181404,1148000,1194760,true,false,9,object_needed-global_ub-association_needed,E,0.1.1,10
1.54004,1.54081,1.43676,0.104055,100.051,99900,87936,90920,false,false,0,object_needed-global_ub-association_needed,E,0.1.1,2
3.67607,3.6761,3.51209,0.164012,100.001,140544,128188,134508,false,false,0,object_needed-global_ub-association_needed,E,0.1.1,3
5.77155,5.77188,5.59588,0.176006,100.006,203140,190124,198384,false,false,0,object_needed-global_ub-association_needed,E,0.1.1,4
29.3787,29.3781,29.066,0.312077,99.9981,286812,271732,286744,false,false,0,object_needed-global_ub-association_needed,E,0.1.1,5
27.6076,27.6075,27.0837,0.523809,99.9999,402976,384540,395824,false,false,0,object_needed-global_ub-association_needed,E,0.1.1,6
96.1935,96.1922,95.5241,0.668051,99.9986,517656,497052,521772,false,false,0,object_needed-global_ub-association_needed,E,0.1.1,7
197.836,197.836,196.932,0.903914,99.9996,756296,717648,749572,false,false,0,object_needed-global_ub-association_needed,E,0.1.1,8
402.087,402.087,400.864,1.22362,99.9999,950436,923004,923004,true,false,9,object_needed-global_ub-association_needed,E,0.1.1,9
0.984198,0.98494,0.848324,0.136616,100.075,76800,65460,66216,false,false,0,object_needed-global_ub-association_needed-global_lb,E,0.1.1,1
402.079,402.074,400.258,1.81609,99.9986,1224840,1161316,1195264,true,false,9,object_needed-global_ub-association_needed-global_lb,E,0.1.1,10
1.5005,1.5013,1.39721,0.104093,100.053,99896,88100,91100,false,false,0,object_needed-global_ub-association_needed-global_lb,E,0.1.1,2
3.69457,3.69482,3.54686,0.147963,100.007,140544,128016,134592,false,false,0,object_needed-global_ub-association_needed-global_lb,E,0.1.1,3
5.79059,5.79065,5.60268,0.187967,100.001,203144,189908,198064,false,false,0,object_needed-global_ub-association_needed-global_lb,E,0.1.1,4
30.0366,30.0369,29.6248,0.412129,100.001,286816,271556,286588,false,false,0,object_needed-global_ub-association_needed-global_lb,E,0.1.1,5
27.6168,27.6168,27.1808,0.435996,100,403004,384844,396124,false,false,0,object_needed-global_ub-association_needed-global_lb,E,0.1.1,6
92.0112,92.0094,91.4014,0.607984,99.998,543152,498620,521588,false,false,0,object_needed-global_ub-association_needed-global_lb,E,0.1.1,7
207.2,207.198,206.174,1.02424,99.9993,746848,717800,749692,false,false,0,object_needed-global_ub-association_needed-global_lb,E,0.1.1,8
402.077,402.073,400.745,1.32821,99.999,947228,906372,922968,true,false,9,object_needed-global_ub-association_needed-global_lb,E,0.1.1,9
0.950481,0.951501,0.847104,0.104397,100.107,75268,63760,65708,false,false,0,object_needed-global_ub-global_lb,E,0.1.1,1
81.3853,81.3833,79.8913,1.49205,99.9976,1182432,1148908,1195144,false,false,0,object_needed-global_ub-global_lb,E,0.1.1,10
1.40976,1.41055,1.33065,0.079901,100.056,99884,87916,90896,false,false,0,object_needed-global_ub-global_lb,E,0.1.1,2
3.37924,3.37973,3.15978,0.219955,100.015,141160,129172,135628,false,false,0,object_needed-global_ub-global_lb,E,0.1.1,3
5.45754,5.45764,5.24555,0.212091,100.002,203148,189868,198036,false,false,0,object_needed-global_ub-global_lb,E,0.1.1,4
11.2403,11.2396,10.9597,0.2799,99.994,286804,271724,286644,false,false,0,object_needed-global_ub-global_lb,E,0.1.1,5
16.6827,16.6835,16.2835,0.400066,100.005,410216,393956,396008,false,false,0,object_needed-global_ub-global_lb,E,0.1.1,6
31.7072,31.707,31.1429,0.564076,99.9995,543376,511932,521700,false,false,0,object_needed-global_ub-global_lb,E,0.1.1,7
43.3373,43.3361,42.528,0.808124,99.9971,747916,717060,749236,false,false,0,object_needed-global_ub-global_lb,E,0.1.1,8
402.087,402.089,401.048,1.04001,100,947212,918588,927440,true,false,9,object_needed-global_ub-global_lb,E,0.1.1,9
0.952592,0.953421,0.821241,0.13218,100.087,75264,63840,65788,false,false,0,object_needed-global_ub-global_lb-association_needed,E,0.1.1,1
402.082,402.085,400.417,1.66765,100.001,1228500,1195156,1195156,true,false,9,object_needed-global_ub-global_lb-association_needed,E,0.1.1,10
1.52024,1.52105,1.40896,0.112086,100.053,99916,87820,90788,false,false,0,object_needed-global_ub-global_lb-association_needed,E,0.1.1,2
3.35488,3.35539,3.24342,0.111971,100.015,140540,128152,134472,false,false,0,object_needed-global_ub-global_lb-association_needed,E,0.1.1,3
5.88804,5.8889,5.61663,0.272274,100.015,203136,190072,198240,false,false,0,object_needed-global_ub-global_lb-association_needed,E,0.1.1,4
30.3556,30.3561,30.052,0.304062,100.002,286816,271848,286884,false,false,0,object_needed-global_ub-global_lb-association_needed,E,0.1.1,5
27.3181,27.3181,26.8859,0.432157,100,410196,393788,395872,false,false,0,object_needed-global_ub-global_lb-association_needed,E,0.1.1,6
94.9279,94.9285,94.2924,0.636027,100.001,543196,497272,521560,false,false,0,object_needed-global_ub-global_lb-association_needed,E,0.1.1,7
209.093,209.091,208.111,0.980048,99.999,746848,717832,749728,false,false,0,object_needed-global_ub-global_lb-association_needed,E,0.1.1,8
402.072,402.072,400.652,1.42027,100,950436,918504,923472,true,false,9,object_needed-global_ub-global_lb-association_needed,E,0.1.1,9
